feature,mean_diff,cohen_d,js_divergence,snr,overlap
INSTRUCTIONS,1090696.821433276,0.01918114780271261,0.36498233243516764,0.019171031546708052,0.7486033377082346
CACHE_MISSES,12146.530958686839,0.008681562176859493,0.2760250545226135,0.00869815915739724,0.8701822182899335
L2_CACHE_ACCESS,34499.75524984393,0.007243855549202675,0.27752976335328483,0.007256801639839943,0.8687220856695477
BRANCH_MISSES,287.95336785918334,0.0016856669077366317,0.3470216096505115,0.0016846033420992207,0.7364861860620858
CPU_CYCLES,356.4733299165964,-0.0011449981315038381,9.516783245042555e-05,0.001167493570598705,0.9999969562906297
