feature,mean_diff,cohen_d,js_divergence,snr,overlap
INSTRUCTIONS,1034820.3909077942,0.018035583936350446,0.3432374487523639,0.018037669079634364,0.7608251855041364
CACHE_MISSES,16568.831210864242,0.011820624765570577,0.2620766026109952,0.011808081203298713,0.8785941353931783
L2_CACHE_ACCESS,48433.80881738709,0.010148795611122835,0.26348139452297054,0.010138510706249954,0.8771589834596245
BRANCH_MISSES,1417.65624360714,0.00829010675596892,0.3238146746340912,0.008290664210637443,0.7523316248668432
CPU_CYCLES,560.4267903864384,-0.0015805379390520684,0.00014772483317750194,0.0015799890113158165,0.9999952318192524
