feature,mean_diff,cohen_d,js_divergence,snr,overlap
BRANCH_MISSES,8245.105746414512,0.04856058940411227,0.31526085669316034,0.048808559956268774,0.7645951537348494
INSTRUCTIONS,1768079.8563842475,0.03055640702030655,0.3329795713046939,0.030314590439067618,0.7636523727490027
L2_CACHE_ACCESS,74068.1346525373,-0.015301464149088609,0.2651010796844775,0.015338456167984718,0.8669250439849925
CACHE_MISSES,18613.891065789852,-0.013085546114205331,0.25908025053736417,0.013121451088764457,0.8753697939682237
CPU_CYCLES,430.2312316894531,0.0010247015124911925,0.00010766414453211965,0.0009955418687934664,0.9999964692625732
