case,f1,recall,fpr
RAW,0.9281430679306698,0.9069778954924627,0.018074164936780525
FILTERED,0.9275977015143337,0.9056037689065212,0.01786472035984045
ROBUST,0.9246692261319288,0.9017178643035719,0.018541234195131158
PHYSICS-AWARE,0.927178884431612,0.9051045732886023,0.018022001007824903
