pair,corr_benign,corr_interf,corr_delta
IPC_vs_MPKI,-0.9134804745126154,-0.9187994314780861,-0.005318956965470689
BRANCH_MISS_RATE_vs_MPKI,-0.33031647238217343,-0.3287609571824901,0.0015555151996833327
