Recall,FPR,F1,AUC,AUPRC,TP,TN,FP,FN
0.9968423480158237,0.0744180311185658,0.9676608730574107,0.969741799151496,0.9527284592509124,786702,623012,50091,2492
